date,expiration,ticker,underlying_price,option_type,strike,T_years,q,iv,option_price,moneyness_K_over_S,contractSize,r,r_cont
2025-03-13,2025-06-12,AAPL,209.168,C,167.33,0.249315,0.0,0.232622,43.5927,0.8,100,0.0386,0.03787365
2025-03-13,2025-06-12,AAPL,209.168,C,188.25,0.249315,0.0,0.225872,24.4785,0.9,100,0.0386,0.03787365
2025-03-13,2025-06-12,AAPL,209.168,C,230.08,0.249315,0.0,0.21482,2.8112,1.1,100,0.0386,0.03787365
2025-03-13,2025-06-12,AAPL,209.168,C,251.0,0.249315,0.0,0.210197,0.4969,1.2,100,0.0386,0.03787365
2025-03-13,2025-06-12,AAPL,209.168,P,167.33,0.249315,0.0,0.232622,0.1821,0.8,100,0.0386,0.03787365
2025-03-13,2025-06-12,AAPL,209.168,P,188.25,0.249315,0.0,0.225872,1.7913,0.9,100,0.0386,0.03787365
2025-03-13,2025-06-12,AAPL,209.168,P,230.08,0.249315,0.0,0.21482,21.5609,1.1,100,0.0386,0.03787365
2025-03-13,2025-06-12,AAPL,209.168,P,251.0,0.249315,0.0,0.210197,39.97,1.2,100,0.0386,0.03787365
2025-03-13,2025-09-11,AAPL,209.168,C,209.17,0.49863,0.0,0.209,14.172,1.0,100,0.0372,0.03652477
2025-03-13,2025-09-11,AAPL,209.168,P,209.17,0.49863,0.0,0.209,10.399,1.0,100,0.0372,0.03652477
2025-03-13,2025-06-12,ABBV,207.8179,C,166.25,0.249315,0.07184,0.232622,39.7098,0.8,100,0.0386,0.03787365
2025-03-13,2025-06-12,ABBV,207.8179,C,187.04,0.249315,0.07184,0.225872,21.218,0.9,100,0.0386,0.03787365
2025-03-13,2025-06-12,ABBV,207.8179,C,207.82,0.249315,0.07184,0.22,8.1369,1.0,100,0.0386,0.03787365
2025-03-13,2025-06-12,ABBV,207.8179,P,166.25,0.249315,0.07184,0.232622,0.2685,0.8,100,0.0386,0.03787365
2025-03-13,2025-06-12,ABBV,207.8179,P,187.04,0.249315,0.07184,0.225872,2.3713,0.9,100,0.0386,0.03787365
2025-03-13,2025-06-12,ABBV,207.8179,P,207.82,0.249315,0.07184,0.22,9.8749,1.0,100,0.0386,0.03787365
2025-03-13,2025-09-11,ABBV,207.8179,C,228.6,0.49863,0.07184,0.204079,3.7768,1.1,100,0.0372,0.03652477
2025-03-13,2025-09-11,ABBV,207.8179,C,249.38,0.49863,0.07184,0.199688,1.0995,1.2,100,0.0372,0.03652477
2025-03-13,2025-09-11,ABBV,207.8179,P,228.6,0.49863,0.07184,0.204079,27.7458,1.1,100,0.0372,0.03652477
2025-03-13,2025-09-11,ABBV,207.8179,P,249.38,0.49863,0.07184,0.199688,45.4734,1.2,100,0.0372,0.03652477
2025-03-13,2025-06-12,AEP,102.4735,C,81.98,0.249315,0.0,0.232622,21.3533,0.8,100,0.0386,0.03787365
2025-03-13,2025-06-12,AEP,102.4735,C,102.47,0.249315,0.0,0.22,4.9672,1.0,100,0.0386,0.03787365
2025-03-13,2025-06-12,AEP,102.4735,P,81.98,0.249315,0.0,0.232622,0.0893,0.8,100,0.0386,0.03787365
2025-03-13,2025-06-12,AEP,102.4735,P,102.47,0.249315,0.0,0.22,4.0006,1.0,100,0.0386,0.03787365
2025-03-13,2025-09-11,AEP,102.4735,C,92.23,0.49863,0.0,0.214578,13.6131,0.9,100,0.0372,0.03652477
2025-03-13,2025-09-11,AEP,102.4735,C,112.72,0.49863,0.0,0.204079,2.8696,1.1,100,0.0372,0.03652477
2025-03-13,2025-09-11,AEP,102.4735,C,122.97,0.49863,0.0,0.199688,0.9455,1.2,100,0.0372,0.03652477
2025-03-13,2025-09-11,AEP,102.4735,P,92.23,0.49863,0.0,0.214578,1.705,0.9,100,0.0372,0.03652477
2025-03-13,2025-09-11,AEP,102.4735,P,112.72,0.49863,0.0,0.204079,11.0818,1.1,100,0.0372,0.03652477
2025-03-13,2025-09-11,AEP,102.4735,P,122.97,0.49863,0.0,0.199688,19.2227,1.2,100,0.0372,0.03652477
2025-03-13,2025-06-12,AMT,204.4653,C,163.57,0.249315,0.083637,0.232622,38.4946,0.8,100,0.0386,0.03787365
2025-03-13,2025-06-12,AMT,204.4653,C,245.36,0.249315,0.083637,0.210197,0.2939,1.2,100,0.0386,0.03787365
2025-03-13,2025-06-12,AMT,204.4653,P,163.57,0.249315,0.083637,0.232622,0.2814,0.8,100,0.0386,0.03787365
2025-03-13,2025-06-12,AMT,204.4653,P,245.36,0.249315,0.083637,0.210197,43.1021,1.2,100,0.0386,0.03787365
2025-03-13,2025-09-11,AMT,204.4653,C,184.02,0.49863,0.083637,0.214578,20.7024,0.9,100,0.0372,0.03652477
2025-03-13,2025-09-11,AMT,204.4653,C,204.47,0.49863,0.083637,0.209,9.4878,1.0,100,0.0372,0.03652477
2025-03-13,2025-09-11,AMT,204.4653,C,224.91,0.49863,0.083637,0.204079,3.4477,1.1,100,0.0372,0.03652477
2025-03-13,2025-09-11,AMT,204.4653,P,184.02,0.49863,0.083637,0.214578,5.2877,0.9,100,0.0372,0.03652477
2025-03-13,2025-09-11,AMT,204.4653,P,204.47,0.49863,0.083637,0.209,14.154,1.0,100,0.0372,0.03652477
2025-03-13,2025-09-11,AMT,204.4653,P,224.91,0.49863,0.083637,0.204079,28.185,1.1,100,0.0372,0.03652477
2025-03-13,2025-06-12,AMZN,193.89,C,155.11,0.249315,0.0,0.232622,40.4066,0.8,100,0.0386,0.03787365
2025-03-13,2025-06-12,AMZN,193.89,C,193.89,0.249315,0.0,0.22,9.395,1.0,100,0.0386,0.03787365
2025-03-13,2025-06-12,AMZN,193.89,P,155.11,0.249315,0.0,0.232622,0.1688,0.8,100,0.0386,0.03787365
2025-03-13,2025-06-12,AMZN,193.89,P,193.89,0.249315,0.0,0.22,7.5728,1.0,100,0.0386,0.03787365
2025-03-13,2025-09-11,AMZN,193.89,C,174.5,0.49863,0.0,0.214578,25.7635,0.9,100,0.0372,0.03652477
2025-03-13,2025-09-11,AMZN,193.89,C,213.28,0.49863,0.0,0.204079,5.4289,1.1,100,0.0372,0.03652477
2025-03-13,2025-09-11,AMZN,193.89,C,232.67,0.49863,0.0,0.199688,1.7891,1.2,100,0.0372,0.03652477
2025-03-13,2025-09-11,AMZN,193.89,P,174.5,0.49863,0.0,0.214578,3.2242,0.9,100,0.0372,0.03652477
2025-03-13,2025-09-11,AMZN,193.89,P,213.28,0.49863,0.0,0.204079,20.9697,1.1,100,0.0372,0.03652477
2025-03-13,2025-09-11,AMZN,193.89,P,232.67,0.49863,0.0,0.199688,36.37,1.2,100,0.0372,0.03652477
2025-03-13,2025-06-12,APD,289.2254,C,260.3,0.249315,0.028659,0.225872,32.0951,0.9,100,0.0386,0.03787365
2025-03-13,2025-06-12,APD,289.2254,C,289.23,0.249315,0.028659,0.22,12.8939,1.0,100,0.0386,0.03787365
2025-03-13,2025-06-12,APD,289.2254,C,318.15,0.249315,0.028659,0.21482,3.4372,1.1,100,0.0386,0.03787365
2025-03-13,2025-06-12,APD,289.2254,P,260.3,0.249315,0.028659,0.225872,2.7826,0.9,100,0.0386,0.03787365
2025-03-13,2025-06-12,APD,289.2254,P,289.23,0.249315,0.028659,0.22,12.2395,1.0,100,0.0386,0.03787365
2025-03-13,2025-06-12,APD,289.2254,P,318.15,0.249315,0.028659,0.21482,31.431,1.1,100,0.0386,0.03787365
2025-03-13,2025-09-11,APD,289.2254,C,231.38,0.49863,0.028659,0.220991,59.2032,0.8,100,0.0372,0.03652477
2025-03-13,2025-09-11,APD,289.2254,C,347.07,0.49863,0.028659,0.199688,2.1503,1.2,100,0.0372,0.03652477
2025-03-13,2025-09-11,APD,289.2254,P,231.38,0.49863,0.028659,0.220991,1.2857,0.8,100,0.0372,0.03652477
2025-03-13,2025-09-11,APD,289.2254,P,347.07,0.49863,0.028659,0.199688,57.8349,1.2,100,0.0372,0.03652477
2025-03-13,2025-06-12,BA,159.32,C,127.46,0.249315,0.0,0.232622,33.1968,0.8,100,0.0386,0.03787365
2025-03-13,2025-06-12,BA,159.32,C,143.39,0.249315,0.0,0.225872,18.6425,0.9,100,0.0386,0.03787365
2025-03-13,2025-06-12,BA,159.32,C,175.25,0.249315,0.0,0.21482,2.1409,1.1,100,0.0386,0.03787365
2025-03-13,2025-06-12,BA,159.32,C,191.18,0.249315,0.0,0.210197,0.3786,1.2,100,0.0386,0.03787365
2025-03-13,2025-06-12,BA,159.32,P,127.46,0.249315,0.0,0.232622,0.1389,0.8,100,0.0386,0.03787365
2025-03-13,2025-06-12,BA,159.32,P,143.39,0.249315,0.0,0.225872,1.3649,0.9,100,0.0386,0.03787365
2025-03-13,2025-06-12,BA,159.32,P,175.25,0.249315,0.0,0.21482,16.4239,1.1,100,0.0386,0.03787365
2025-03-13,2025-06-12,BA,159.32,P,191.18,0.249315,0.0,0.210197,30.4419,1.2,100,0.0386,0.03787365
2025-03-13,2025-09-11,BA,159.32,C,159.32,0.49863,0.0,0.209,10.7954,1.0,100,0.0372,0.03652477
2025-03-13,2025-09-11,BA,159.32,P,159.32,0.49863,0.0,0.209,7.92,1.0,100,0.0372,0.03652477
2025-03-13,2025-06-12,BAC,39.2194,C,35.3,0.249315,0.0,0.225872,4.5875,0.9,100,0.0386,0.03787365
2025-03-13,2025-06-12,BAC,39.2194,P,35.3,0.249315,0.0,0.225872,0.3363,0.9,100,0.0386,0.03787365
2025-03-13,2025-09-11,BAC,39.2194,C,31.38,0.49863,0.0,0.220991,8.5486,0.8,100,0.0372,0.03652477
2025-03-13,2025-09-11,BAC,39.2194,C,39.22,0.49863,0.0,0.209,2.6572,1.0,100,0.0372,0.03652477
2025-03-13,2025-09-11,BAC,39.2194,C,43.14,0.49863,0.0,0.204079,1.0986,1.1,100,0.0372,0.03652477
2025-03-13,2025-09-11,BAC,39.2194,C,47.06,0.49863,0.0,0.199688,0.3623,1.2,100,0.0372,0.03652477
2025-03-13,2025-09-11,BAC,39.2194,P,31.38,0.49863,0.0,0.220991,0.1428,0.8,100,0.0372,0.03652477
2025-03-13,2025-09-11,BAC,39.2194,P,39.22,0.49863,0.0,0.209,1.9499,1.0,100,0.0372,0.03652477
2025-03-13,2025-09-11,BAC,39.2194,P,43.14,0.49863,0.0,0.204079,4.2405,1.1,100,0.0372,0.03652477
2025-03-13,2025-09-11,BAC,39.2194,P,47.06,0.49863,0.0,0.199688,7.3535,1.2,100,0.0372,0.03652477
2025-03-13,2025-06-12,C,66.2609,C,66.26,0.249315,0.0,0.22,3.2111,1.0,100,0.0386,0.03787365
2025-03-13,2025-06-12,C,66.2609,C,72.89,0.249315,0.0,0.21482,0.8896,1.1,100,0.0386,0.03787365
2025-03-13,2025-06-12,C,66.2609,C,79.51,0.249315,0.0,0.210197,0.1575,1.2,100,0.0386,0.03787365
2025-03-13,2025-06-12,C,66.2609,P,66.26,0.249315,0.0,0.22,2.5876,1.0,100,0.0386,0.03787365
2025-03-13,2025-06-12,C,66.2609,P,72.89,0.249315,0.0,0.21482,6.8337,1.1,100,0.0386,0.03787365
2025-03-13,2025-06-12,C,66.2609,P,79.51,0.249315,0.0,0.210197,12.6594,1.2,100,0.0386,0.03787365
2025-03-13,2025-09-11,C,66.2609,C,53.01,0.49863,0.0,0.220991,14.4484,0.8,100,0.0372,0.03652477
2025-03-13,2025-09-11,C,66.2609,C,59.63,0.49863,0.0,0.214578,8.8079,0.9,100,0.0372,0.03652477
2025-03-13,2025-09-11,C,66.2609,P,53.01,0.49863,0.0,0.220991,0.2408,0.8,100,0.0372,0.03652477
2025-03-13,2025-09-11,C,66.2609,P,59.63,0.49863,0.0,0.214578,1.1009,0.9,100,0.0372,0.03652477
2025-03-13,2025-06-12,CAT,330.5021,C,264.4,0.249315,0.0,0.232622,68.8748,0.8,100,0.0386,0.03787365
2025-03-13,2025-06-12,CAT,330.5021,C,297.45,0.249315,0.0,0.225872,38.6779,0.9,100,0.0386,0.03787365
2025-03-13,2025-06-12,CAT,330.5021,C,363.55,0.249315,0.0,0.21482,4.4408,1.1,100,0.0386,0.03787365
2025-03-13,2025-06-12,CAT,330.5021,C,396.6,0.249315,0.0,0.210197,0.7851,1.2,100,0.0386,0.03787365
2025-03-13,2025-06-12,CAT,330.5021,P,264.4,0.249315,0.0,0.232622,0.2878,0.8,100,0.0386,0.03787365
2025-03-13,2025-06-12,CAT,330.5021,P,297.45,0.249315,0.0,0.225872,2.8304,0.9,100,0.0386,0.03787365
2025-03-13,2025-06-12,CAT,330.5021,P,363.55,0.249315,0.0,0.21482,34.0721,1.1,100,0.0386,0.03787365
2025-03-13,2025-06-12,CAT,330.5021,P,396.6,0.249315,0.0,0.210197,63.1557,1.2,100,0.0386,0.03787365
2025-03-13,2025-09-11,CAT,330.5021,C,330.5,0.49863,0.0,0.209,22.3956,1.0,100,0.0372,0.03652477
2025-03-13,2025-09-11,CAT,330.5021,P,330.5,0.49863,0.0,0.209,16.4288,1.0,100,0.0372,0.03652477
2025-03-13,2025-06-12,COP,94.5979,C,75.68,0.249315,0.045274,0.232622,18.6733,0.8,100,0.0386,0.03787365
2025-03-13,2025-06-12,COP,94.5979,C,85.14,0.249315,0.045274,0.225872,10.1692,0.9,100,0.0386,0.03787365
2025-03-13,2025-06-12,COP,94.5979,C,104.06,0.249315,0.045274,0.21482,1.0453,1.1,100,0.0386,0.03787365
2025-03-13,2025-06-12,COP,94.5979,P,75.68,0.249315,0.045274,0.232622,0.106,0.8,100,0.0386,0.03787365
2025-03-13,2025-06-12,COP,94.5979,P,85.14,0.249315,0.045274,0.225872,0.973,0.9,100,0.0386,0.03787365
2025-03-13,2025-06-12,COP,94.5979,P,104.06,0.249315,0.045274,0.21482,10.5913,1.1,100,0.0386,0.03787365
2025-03-13,2025-09-11,COP,94.5979,C,94.6,0.49863,0.045274,0.209,5.2515,1.0,100,0.0372,0.03652477
2025-03-13,2025-09-11,COP,94.5979,C,113.52,0.49863,0.045274,0.199688,0.6181,1.2,100,0.0372,0.03652477
2025-03-13,2025-09-11,COP,94.5979,P,94.6,0.49863,0.045274,0.209,5.658,1.0,100,0.0372,0.03652477
2025-03-13,2025-09-11,COP,94.5979,P,113.52,0.49863,0.045274,0.199688,19.6031,1.2,100,0.0372,0.03652477
2025-03-13,2025-06-12,COST,888.2306,C,888.23,0.249315,0.031492,0.22,39.2756,1.0,100,0.0386,0.03787365
2025-03-13,2025-06-12,COST,888.2306,P,888.23,0.249315,0.031492,0.22,37.8741,1.0,100,0.0386,0.03787365
2025-03-13,2025-09-11,COST,888.2306,C,710.58,0.49863,0.031492,0.220991,180.6619,0.8,100,0.0372,0.03652477
2025-03-13,2025-09-11,COST,888.2306,C,799.41,0.49863,0.031492,0.214578,106.958,0.9,100,0.0372,0.03652477
2025-03-13,2025-09-11,COST,888.2306,C,977.05,0.49863,0.031492,0.204079,20.6851,1.1,100,0.0372,0.03652477
2025-03-13,2025-09-11,COST,888.2306,C,1065.88,0.49863,0.031492,0.199688,6.4611,1.2,100,0.0372,0.03652477
2025-03-13,2025-09-11,COST,888.2306,P,710.58,0.49863,0.031492,0.220991,4.0262,0.8,100,0.0372,0.03652477
2025-03-13,2025-09-11,COST,888.2306,P,799.41,0.49863,0.031492,0.214578,17.5491,0.9,100,0.0372,0.03652477
2025-03-13,2025-09-11,COST,888.2306,P,977.05,0.49863,0.031492,0.204079,105.7102,1.1,100,0.0372,0.03652477
2025-03-13,2025-09-11,COST,888.2306,P,1065.88,0.49863,0.031492,0.199688,178.7131,1.2,100,0.0372,0.03652477
2025-03-13,2025-06-12,CRM,270.4132,C,216.33,0.249315,0.037399,0.232622,53.8967,0.8,100,0.0386,0.03787365
2025-03-13,2025-06-12,CRM,270.4132,C,243.37,0.249315,0.037399,0.225872,29.5151,0.9,100,0.0386,0.03787365
2025-03-13,2025-06-12,CRM,270.4132,P,216.33,0.249315,0.037399,0.232622,0.29,0.8,100,0.0386,0.03787365
2025-03-13,2025-06-12,CRM,270.4132,P,243.37,0.249315,0.037399,0.225872,2.6943,0.9,100,0.0386,0.03787365
2025-03-13,2025-09-11,CRM,270.4132,C,270.41,0.49863,0.037399,0.209,15.5599,1.0,100,0.0372,0.03652477
2025-03-13,2025-09-11,CRM,270.4132,C,297.45,0.49863,0.037399,0.204079,6.0788,1.1,100,0.0372,0.03652477
2025-03-13,2025-09-11,CRM,270.4132,C,324.5,0.49863,0.037399,0.199688,1.879,1.2,100,0.0372,0.03652477
2025-03-13,2025-09-11,CRM,270.4132,P,270.41,0.49863,0.037399,0.209,15.6724,1.0,100,0.0372,0.03652477
2025-03-13,2025-09-11,CRM,270.4132,P,297.45,0.49863,0.037399,0.204079,32.7433,1.1,100,0.0372,0.03652477
2025-03-13,2025-09-11,CRM,270.4132,P,324.5,0.49863,0.037399,0.199688,55.1053,1.2,100,0.0372,0.03652477
2025-03-13,2025-06-12,CVX,150.0907,C,120.07,0.249315,0.0,0.232622,31.2798,0.8,100,0.0386,0.03787365
2025-03-13,2025-06-12,CVX,150.0907,C,135.08,0.249315,0.0,0.225872,17.5654,0.9,100,0.0386,0.03787365
2025-03-13,2025-06-12,CVX,150.0907,C,150.09,0.249315,0.0,0.22,7.2731,1.0,100,0.0386,0.03787365
2025-03-13,2025-06-12,CVX,150.0907,C,180.11,0.249315,0.0,0.210197,0.3564,1.2,100,0.0386,0.03787365
2025-03-13,2025-06-12,CVX,150.0907,P,120.07,0.249315,0.0,0.232622,0.1307,0.8,100,0.0386,0.03787365
2025-03-13,2025-06-12,CVX,150.0907,P,135.08,0.249315,0.0,0.225872,1.2852,0.9,100,0.0386,0.03787365
2025-03-13,2025-06-12,CVX,150.0907,P,150.09,0.249315,0.0,0.22,5.8618,1.0,100,0.0386,0.03787365
2025-03-13,2025-06-12,CVX,150.0907,P,180.11,0.249315,0.0,0.210197,28.6831,1.2,100,0.0386,0.03787365
2025-03-13,2025-09-11,CVX,150.0907,C,165.1,0.49863,0.0,0.204079,4.2026,1.1,100,0.0372,0.03652477
2025-03-13,2025-09-11,CVX,150.0907,P,165.1,0.49863,0.0,0.204079,16.2323,1.1,100,0.0372,0.03652477
2025-03-13,2025-06-12,DIS,96.4587,C,77.17,0.249315,0.0,0.232622,20.098,0.8,100,0.0386,0.03787365
2025-03-13,2025-06-12,DIS,96.4587,C,86.81,0.249315,0.0,0.225872,11.2902,0.9,100,0.0386,0.03787365
2025-03-13,2025-06-12,DIS,96.4587,C,106.1,0.249315,0.0,0.21482,1.2968,1.1,100,0.0386,0.03787365
2025-03-13,2025-06-12,DIS,96.4587,P,77.17,0.249315,0.0,0.232622,0.0841,0.8,100,0.0386,0.03787365
2025-03-13,2025-06-12,DIS,96.4587,P,86.81,0.249315,0.0,0.225872,0.8257,0.9,100,0.0386,0.03787365
2025-03-13,2025-06-12,DIS,96.4587,P,106.1,0.249315,0.0,0.21482,9.941,1.1,100,0.0386,0.03787365
2025-03-13,2025-09-11,DIS,96.4587,C,96.46,0.49863,0.0,0.209,6.5353,1.0,100,0.0372,0.03652477
2025-03-13,2025-09-11,DIS,96.4587,C,115.75,0.49863,0.0,0.199688,0.8902,1.2,100,0.0372,0.03652477
2025-03-13,2025-09-11,DIS,96.4587,P,96.46,0.49863,0.0,0.209,4.7957,1.0,100,0.0372,0.03652477
2025-03-13,2025-09-11,DIS,96.4587,P,115.75,0.49863,0.0,0.199688,18.0926,1.2,100,0.0372,0.03652477
2025-03-13,2025-06-12,DOW,34.8456,C,31.36,0.249315,0.0,0.225872,4.0786,0.9,100,0.0386,0.03787365
2025-03-13,2025-06-12,DOW,34.8456,C,38.33,0.249315,0.0,0.21482,0.4682,1.1,100,0.0386,0.03787365
2025-03-13,2025-06-12,DOW,34.8456,P,31.36,0.249315,0.0,0.225872,0.2983,0.9,100,0.0386,0.03787365
2025-03-13,2025-06-12,DOW,34.8456,P,38.33,0.249315,0.0,0.21482,3.5924,1.1,100,0.0386,0.03787365
2025-03-13,2025-09-11,DOW,34.8456,C,27.88,0.49863,0.0,0.220991,7.5956,0.8,100,0.0372,0.03652477
2025-03-13,2025-09-11,DOW,34.8456,C,34.85,0.49863,0.0,0.209,2.3588,1.0,100,0.0372,0.03652477
2025-03-13,2025-09-11,DOW,34.8456,C,41.81,0.49863,0.0,0.199688,0.3221,1.2,100,0.0372,0.03652477
2025-03-13,2025-09-11,DOW,34.8456,P,27.88,0.49863,0.0,0.220991,0.1269,0.8,100,0.0372,0.03652477
2025-03-13,2025-09-11,DOW,34.8456,P,34.85,0.49863,0.0,0.209,1.7343,1.0,100,0.0372,0.03652477
2025-03-13,2025-09-11,DOW,34.8456,P,41.81,0.49863,0.0,0.199688,6.532,1.2,100,0.0372,0.03652477
2025-03-13,2025-06-12,DUK,116.1405,C,92.91,0.249315,0.0,0.232622,24.2048,0.8,100,0.0386,0.03787365
2025-03-13,2025-06-12,DUK,116.1405,C,104.53,0.249315,0.0,0.225872,13.5882,0.9,100,0.0386,0.03787365
2025-03-13,2025-06-12,DUK,116.1405,C,116.14,0.249315,0.0,0.22,5.6279,1.0,100,0.0386,0.03787365
2025-03-13,2025-06-12,DUK,116.1405,C,127.75,0.249315,0.0,0.21482,1.5613,1.1,100,0.0386,0.03787365
2025-03-13,2025-06-12,DUK,116.1405,P,92.91,0.249315,0.0,0.232622,0.1011,0.8,100,0.0386,0.03787365
2025-03-13,2025-06-12,DUK,116.1405,P,104.53,0.249315,0.0,0.225872,0.9953,0.9,100,0.0386,0.03787365
2025-03-13,2025-06-12,DUK,116.1405,P,116.14,0.249315,0.0,0.22,4.5359,1.0,100,0.0386,0.03787365
2025-03-13,2025-06-12,DUK,116.1405,P,127.75,0.249315,0.0,0.21482,11.9701,1.1,100,0.0386,0.03787365
2025-03-13,2025-09-11,DUK,116.1405,C,139.37,0.49863,0.0,0.199688,1.0717,1.2,100,0.0372,0.03652477
2025-03-13,2025-09-11,DUK,116.1405,P,139.37,0.49863,0.0,0.199688,21.7859,1.2,100,0.0372,0.03652477
2025-03-13,2025-06-12,EOG,119.0068,C,130.91,0.249315,0.005202,0.21482,1.5636,1.1,100,0.0386,0.03787365
2025-03-13,2025-06-12,EOG,119.0068,C,142.81,0.249315,0.005202,0.210197,0.2741,1.2,100,0.0386,0.03787365
2025-03-13,2025-06-12,EOG,119.0068,P,130.91,0.249315,0.005202,0.21482,12.3908,1.1,100,0.0386,0.03787365
2025-03-13,2025-06-12,EOG,119.0068,P,142.81,0.249315,0.005202,0.210197,22.8895,1.2,100,0.0386,0.03787365
2025-03-13,2025-09-11,EOG,119.0068,C,95.21,0.49863,0.005202,0.220991,25.6558,0.8,100,0.0372,0.03652477
2025-03-13,2025-09-11,EOG,119.0068,C,107.11,0.49863,0.005202,0.214578,15.5597,0.9,100,0.0372,0.03652477
2025-03-13,2025-09-11,EOG,119.0068,C,119.01,0.49863,0.005202,0.209,7.885,1.0,100,0.0372,0.03652477
2025-03-13,2025-09-11,EOG,119.0068,P,95.21,0.49863,0.005202,0.220991,0.4491,0.8,100,0.0372,0.03652477
2025-03-13,2025-09-11,EOG,119.0068,P,107.11,0.49863,0.005202,0.214578,2.0382,0.9,100,0.0372,0.03652477
2025-03-13,2025-09-11,EOG,119.0068,P,119.01,0.49863,0.005202,0.209,6.0487,1.0,100,0.0372,0.03652477
2025-03-13,2025-06-12,EQIX,824.4549,C,742.01,0.249315,0.0,0.225872,96.4797,0.9,100,0.0386,0.03787365
2025-03-13,2025-06-12,EQIX,824.4549,C,906.9,0.249315,0.0,0.21482,11.0768,1.1,100,0.0386,0.03787365
2025-03-13,2025-06-12,EQIX,824.4549,C,989.35,0.249315,0.0,0.210197,1.958,1.2,100,0.0386,0.03787365
2025-03-13,2025-06-12,EQIX,824.4549,P,742.01,0.249315,0.0,0.225872,7.0614,0.9,100,0.0386,0.03787365
2025-03-13,2025-06-12,EQIX,824.4549,P,906.9,0.249315,0.0,0.21482,84.9989,1.1,100,0.0386,0.03787365
2025-03-13,2025-06-12,EQIX,824.4549,P,989.35,0.249315,0.0,0.210197,157.5551,1.2,100,0.0386,0.03787365
2025-03-13,2025-09-11,EQIX,824.4549,C,659.56,0.49863,0.0,0.220991,179.7935,0.8,100,0.0372,0.03652477
2025-03-13,2025-09-11,EQIX,824.4549,C,824.45,0.49863,0.0,0.209,55.8668,1.0,100,0.0372,0.03652477
2025-03-13,2025-09-11,EQIX,824.4549,P,659.56,0.49863,0.0,0.220991,2.9952,0.8,100,0.0372,0.03652477
2025-03-13,2025-09-11,EQIX,824.4549,P,824.45,0.49863,0.0,0.209,40.9826,1.0,100,0.0372,0.03652477
2025-03-13,2025-06-12,EXC,42.7051,C,34.16,0.249315,0.0,0.232622,8.9033,0.8,100,0.0386,0.03787365
2025-03-13,2025-06-12,EXC,42.7051,C,38.43,0.249315,0.0,0.225872,5.0013,0.9,100,0.0386,0.03787365
2025-03-13,2025-06-12,EXC,42.7051,P,34.16,0.249315,0.0,0.232622,0.0371,0.8,100,0.0386,0.03787365
2025-03-13,2025-06-12,EXC,42.7051,P,38.43,0.249315,0.0,0.225872,0.365,0.9,100,0.0386,0.03787365
2025-03-13,2025-09-11,EXC,42.7051,C,42.71,0.49863,0.0,0.209,2.8912,1.0,100,0.0372,0.03652477
2025-03-13,2025-09-11,EXC,42.7051,C,46.98,0.49863,0.0,0.204079,1.1946,1.1,100,0.0372,0.03652477
2025-03-13,2025-09-11,EXC,42.7051,C,51.25,0.49863,0.0,0.199688,0.3937,1.2,100,0.0372,0.03652477
2025-03-13,2025-09-11,EXC,42.7051,P,42.71,0.49863,0.0,0.209,2.1252,1.0,100,0.0372,0.03652477
2025-03-13,2025-09-11,EXC,42.7051,P,46.98,0.49863,0.0,0.204079,4.6216,1.1,100,0.0372,0.03652477
2025-03-13,2025-09-11,EXC,42.7051,P,51.25,0.49863,0.0,0.199688,8.0136,1.2,100,0.0372,0.03652477
2025-03-13,2025-06-12,GE,192.1394,C,192.14,0.249315,0.009664,0.22,9.0548,1.0,100,0.0386,0.03787365
2025-03-13,2025-06-12,GE,192.1394,C,211.35,0.249315,0.009664,0.21482,2.4784,1.1,100,0.0386,0.03787365
2025-03-13,2025-06-12,GE,192.1394,P,192.14,0.249315,0.009664,0.22,7.7121,1.0,100,0.0386,0.03787365
2025-03-13,2025-06-12,GE,192.1394,P,211.35,0.249315,0.009664,0.21482,20.1651,1.1,100,0.0386,0.03787365
2025-03-13,2025-09-11,GE,192.1394,C,153.71,0.49863,0.009664,0.220991,41.0275,0.8,100,0.0372,0.03652477
2025-03-13,2025-09-11,GE,192.1394,C,172.93,0.49863,0.009664,0.214578,24.7792,0.9,100,0.0372,0.03652477
2025-03-13,2025-09-11,GE,192.1394,C,230.57,0.49863,0.009664,0.199688,1.6497,1.2,100,0.0372,0.03652477
2025-03-13,2025-09-11,GE,192.1394,P,153.71,0.49863,0.009664,0.220991,0.7477,0.8,100,0.0372,0.03652477
2025-03-13,2025-09-11,GE,192.1394,P,172.93,0.49863,0.009664,0.214578,3.3725,0.9,100,0.0372,0.03652477
2025-03-13,2025-09-11,GE,192.1394,P,230.57,0.49863,0.009664,0.199688,36.8427,1.2,100,0.0372,0.03652477
2025-03-13,2025-06-12,GOOGL,162.4179,C,129.93,0.249315,0.0,0.232622,33.8504,0.8,100,0.0386,0.03787365
2025-03-13,2025-06-12,GOOGL,162.4179,C,146.18,0.249315,0.0,0.225872,19.0034,0.9,100,0.0386,0.03787365
2025-03-13,2025-06-12,GOOGL,162.4179,C,162.42,0.249315,0.0,0.22,7.869,1.0,100,0.0386,0.03787365
2025-03-13,2025-06-12,GOOGL,162.4179,C,178.66,0.249315,0.0,0.21482,2.1821,1.1,100,0.0386,0.03787365
2025-03-13,2025-06-12,GOOGL,162.4179,P,129.93,0.249315,0.0,0.232622,0.1414,0.8,100,0.0386,0.03787365
2025-03-13,2025-06-12,GOOGL,162.4179,P,146.18,0.249315,0.0,0.225872,1.3917,0.9,100,0.0386,0.03787365
2025-03-13,2025-06-12,GOOGL,162.4179,P,162.42,0.249315,0.0,0.22,6.3446,1.0,100,0.0386,0.03787365
2025-03-13,2025-06-12,GOOGL,162.4179,P,178.66,0.249315,0.0,0.21482,16.7451,1.1,100,0.0386,0.03787365
2025-03-13,2025-09-11,GOOGL,162.4179,C,194.9,0.49863,0.0,0.199688,1.4991,1.2,100,0.0372,0.03652477
2025-03-13,2025-09-11,GOOGL,162.4179,P,194.9,0.49863,0.0,0.199688,30.4637,1.2,100,0.0372,0.03652477
2025-03-13,2025-06-12,GS,519.4265,C,415.54,0.249315,0.0,0.232622,108.2441,0.8,100,0.0386,0.03787365
2025-03-13,2025-06-12,GS,519.4265,C,519.43,0.249315,0.0,0.22,25.1672,1.0,100,0.0386,0.03787365
2025-03-13,2025-06-12,GS,519.4265,C,571.37,0.249315,0.0,0.21482,6.9785,1.1,100,0.0386,0.03787365
2025-03-13,2025-06-12,GS,519.4265,C,623.31,0.249315,0.0,0.210197,1.2338,1.2,100,0.0386,0.03787365
2025-03-13,2025-06-12,GS,519.4265,P,415.54,0.249315,0.0,0.232622,0.4524,0.8,100,0.0386,0.03787365
2025-03-13,2025-06-12,GS,519.4265,P,519.43,0.249315,0.0,0.22,20.2892,1.0,100,0.0386,0.03787365
2025-03-13,2025-06-12,GS,519.4265,P,571.37,0.249315,0.0,0.21482,53.5522,1.1,100,0.0386,0.03787365
2025-03-13,2025-06-12,GS,519.4265,P,623.31,0.249315,0.0,0.210197,99.2594,1.2,100,0.0386,0.03787365
2025-03-13,2025-09-11,GS,519.4265,C,467.48,0.49863,0.0,0.214578,69.0206,0.9,100,0.0372,0.03652477
2025-03-13,2025-09-11,GS,519.4265,P,467.48,0.49863,0.0,0.214578,8.6373,0.9,100,0.0372,0.03652477
2025-03-13,2025-06-12,HD,343.1585,C,411.79,0.249315,0.0,0.210197,0.815,1.2,100,0.0386,0.03787365
2025-03-13,2025-06-12,HD,343.1585,P,411.79,0.249315,0.0,0.210197,65.5765,1.2,100,0.0386,0.03787365
2025-03-13,2025-09-11,HD,343.1585,C,274.53,0.49863,0.0,0.220991,74.8301,0.8,100,0.0372,0.03652477
2025-03-13,2025-09-11,HD,343.1585,C,308.84,0.49863,0.0,0.214578,45.5985,0.9,100,0.0372,0.03652477
2025-03-13,2025-09-11,HD,343.1585,C,343.16,0.49863,0.0,0.209,23.2513,1.0,100,0.0372,0.03652477
2025-03-13,2025-09-11,HD,343.1585,C,377.47,0.49863,0.0,0.204079,9.61,1.1,100,0.0372,0.03652477
2025-03-13,2025-09-11,HD,343.1585,P,274.53,0.49863,0.0,0.220991,1.247,0.8,100,0.0372,0.03652477
2025-03-13,2025-09-11,HD,343.1585,P,308.84,0.49863,0.0,0.214578,5.7062,0.9,100,0.0372,0.03652477
2025-03-13,2025-09-11,HD,343.1585,P,343.16,0.49863,0.0,0.209,17.0596,1.0,100,0.0372,0.03652477
2025-03-13,2025-09-11,HD,343.1585,P,377.47,0.49863,0.0,0.204079,37.1091,1.1,100,0.0372,0.03652477
2025-03-13,2025-06-12,HON,204.5744,C,163.66,0.249315,0.0,0.232622,42.6306,0.8,100,0.0386,0.03787365
2025-03-13,2025-06-12,HON,204.5744,C,184.12,0.249315,0.0,0.225872,23.9374,0.9,100,0.0386,0.03787365
2025-03-13,2025-06-12,HON,204.5744,C,204.57,0.249315,0.0,0.22,9.915,1.0,100,0.0386,0.03787365
2025-03-13,2025-06-12,HON,204.5744,C,225.03,0.249315,0.0,0.21482,2.7489,1.1,100,0.0386,0.03787365
2025-03-13,2025-06-12,HON,204.5744,P,163.66,0.249315,0.0,0.232622,0.1782,0.8,100,0.0386,0.03787365
2025-03-13,2025-06-12,HON,204.5744,P,184.12,0.249315,0.0,0.225872,1.7526,0.9,100,0.0386,0.03787365
2025-03-13,2025-06-12,HON,204.5744,P,204.57,0.249315,0.0,0.22,7.988,1.0,100,0.0386,0.03787365
2025-03-13,2025-06-12,HON,204.5744,P,225.03,0.249315,0.0,0.21482,21.0897,1.1,100,0.0386,0.03787365
2025-03-13,2025-09-11,HON,204.5744,C,245.49,0.49863,0.0,0.199688,1.8879,1.2,100,0.0372,0.03652477
2025-03-13,2025-09-11,HON,204.5744,P,245.49,0.49863,0.0,0.199688,38.373,1.2,100,0.0372,0.03652477
2025-03-13,2025-06-12,JNJ,160.427,C,192.51,0.249315,0.0,0.210197,0.3811,1.2,100,0.0386,0.03787365
2025-03-13,2025-06-12,JNJ,160.427,P,192.51,0.249315,0.0,0.210197,30.6549,1.2,100,0.0386,0.03787365
2025-03-13,2025-09-11,JNJ,160.427,C,128.34,0.49863,0.0,0.220991,34.986,0.8,100,0.0372,0.03652477
2025-03-13,2025-09-11,JNJ,160.427,C,144.38,0.49863,0.0,0.214578,21.3197,0.9,100,0.0372,0.03652477
2025-03-13,2025-09-11,JNJ,160.427,C,160.43,0.49863,0.0,0.209,10.8689,1.0,100,0.0372,0.03652477
2025-03-13,2025-09-11,JNJ,160.427,C,176.47,0.49863,0.0,0.204079,4.4921,1.1,100,0.0372,0.03652477
2025-03-13,2025-09-11,JNJ,160.427,P,128.34,0.49863,0.0,0.220991,0.5828,0.8,100,0.0372,0.03652477
2025-03-13,2025-09-11,JNJ,160.427,P,144.38,0.49863,0.0,0.214578,2.667,0.9,100,0.0372,0.03652477
2025-03-13,2025-09-11,JNJ,160.427,P,160.43,0.49863,0.0,0.209,7.9765,1.0,100,0.0372,0.03652477
2025-03-13,2025-09-11,JNJ,160.427,P,176.47,0.49863,0.0,0.204079,17.3502,1.1,100,0.0372,0.03652477
2025-03-13,2025-06-12,JPM,222.7384,C,178.19,0.249315,0.031026,0.232622,44.7373,0.8,100,0.0386,0.03787365
2025-03-13,2025-06-12,JPM,222.7384,C,200.46,0.249315,0.031026,0.225872,24.609,0.9,100,0.0386,0.03787365
2025-03-13,2025-06-12,JPM,222.7384,C,245.01,0.249315,0.031026,0.21482,2.6207,1.1,100,0.0386,0.03787365
2025-03-13,2025-06-12,JPM,222.7384,C,267.29,0.249315,0.031026,0.210197,0.4406,1.2,100,0.0386,0.03787365
2025-03-13,2025-06-12,JPM,222.7384,P,178.19,0.249315,0.031026,0.232622,0.2306,0.8,100,0.0386,0.03787365
2025-03-13,2025-06-12,JPM,222.7384,P,200.46,0.249315,0.031026,0.225872,2.1629,0.9,100,0.0386,0.03787365
2025-03-13,2025-06-12,JPM,222.7384,P,245.01,0.249315,0.031026,0.21482,24.306,1.1,100,0.0386,0.03787365
2025-03-13,2025-06-12,JPM,222.7384,P,267.29,0.249315,0.031026,0.210197,44.1965,1.2,100,0.0386,0.03787365
2025-03-13,2025-09-11,JPM,222.7384,C,222.74,0.49863,0.031026,0.209,13.1852,1.0,100,0.0372,0.03652477
2025-03-13,2025-09-11,JPM,222.7384,P,222.74,0.49863,0.031026,0.209,12.5862,1.0,100,0.0372,0.03652477
2025-03-13,2025-06-12,KO,68.0998,C,54.48,0.249315,0.0,0.232622,14.1912,0.8,100,0.0386,0.03787365
2025-03-13,2025-06-12,KO,68.0998,C,68.1,0.249315,0.0,0.22,3.2997,1.0,100,0.0386,0.03787365
2025-03-13,2025-06-12,KO,68.0998,C,74.91,0.249315,0.0,0.21482,0.9149,1.1,100,0.0386,0.03787365
2025-03-13,2025-06-12,KO,68.0998,P,54.48,0.249315,0.0,0.232622,0.0593,0.8,100,0.0386,0.03787365
2025-03-13,2025-06-12,KO,68.0998,P,68.1,0.249315,0.0,0.22,2.6599,1.0,100,0.0386,0.03787365
2025-03-13,2025-06-12,KO,68.0998,P,74.91,0.249315,0.0,0.21482,7.0211,1.1,100,0.0386,0.03787365
2025-03-13,2025-09-11,KO,68.0998,C,61.29,0.49863,0.0,0.214578,9.0485,0.9,100,0.0372,0.03652477
2025-03-13,2025-09-11,KO,68.0998,C,81.72,0.49863,0.0,0.199688,0.6284,1.2,100,0.0372,0.03652477
2025-03-13,2025-09-11,KO,68.0998,P,61.29,0.49863,0.0,0.214578,1.1325,0.9,100,0.0372,0.03652477
2025-03-13,2025-09-11,KO,68.0998,P,81.72,0.49863,0.0,0.199688,12.7738,1.2,100,0.0372,0.03652477
2025-03-13,2025-06-12,LIN,450.3825,C,360.31,0.249315,0.0,0.232622,93.8511,0.8,100,0.0386,0.03787365
2025-03-13,2025-06-12,LIN,450.3825,P,360.31,0.249315,0.0,0.232622,0.3924,0.8,100,0.0386,0.03787365
2025-03-13,2025-09-11,LIN,450.3825,C,405.34,0.49863,0.0,0.214578,59.8468,0.9,100,0.0372,0.03652477
2025-03-13,2025-09-11,LIN,450.3825,C,450.38,0.49863,0.0,0.209,30.5187,1.0,100,0.0372,0.03652477
2025-03-13,2025-09-11,LIN,450.3825,C,495.42,0.49863,0.0,0.204079,12.6114,1.1,100,0.0372,0.03652477
2025-03-13,2025-09-11,LIN,450.3825,C,540.46,0.49863,0.0,0.199688,4.1563,1.2,100,0.0372,0.03652477
2025-03-13,2025-09-11,LIN,450.3825,P,405.34,0.49863,0.0,0.214578,7.489,0.9,100,0.0372,0.03652477
2025-03-13,2025-09-11,LIN,450.3825,P,450.38,0.49863,0.0,0.209,22.388,1.0,100,0.0372,0.03652477
2025-03-13,2025-09-11,LIN,450.3825,P,495.42,0.49863,0.0,0.204079,48.7078,1.1,100,0.0372,0.03652477
2025-03-13,2025-09-11,LIN,450.3825,P,540.46,0.49863,0.0,0.199688,84.4799,1.2,100,0.0372,0.03652477
2025-03-13,2025-06-12,MCD,294.1522,C,235.32,0.249315,0.0,0.232622,61.2999,0.8,100,0.0386,0.03787365
2025-03-13,2025-06-12,MCD,294.1522,C,294.15,0.249315,0.0,0.22,14.2544,1.0,100,0.0386,0.03787365
2025-03-13,2025-06-12,MCD,294.1522,C,323.57,0.249315,0.0,0.21482,3.9515,1.1,100,0.0386,0.03787365
2025-03-13,2025-06-12,MCD,294.1522,C,352.98,0.249315,0.0,0.210197,0.6988,1.2,100,0.0386,0.03787365
2025-03-13,2025-06-12,MCD,294.1522,P,235.32,0.249315,0.0,0.232622,0.2562,0.8,100,0.0386,0.03787365
2025-03-13,2025-06-12,MCD,294.1522,P,294.15,0.249315,0.0,0.22,11.4878,1.0,100,0.0386,0.03787365
2025-03-13,2025-06-12,MCD,294.1522,P,323.57,0.249315,0.0,0.21482,30.3284,1.1,100,0.0386,0.03787365
2025-03-13,2025-06-12,MCD,294.1522,P,352.98,0.249315,0.0,0.210197,56.2092,1.2,100,0.0386,0.03787365
2025-03-13,2025-09-11,MCD,294.1522,C,264.74,0.49863,0.0,0.214578,39.0826,0.9,100,0.0372,0.03652477
2025-03-13,2025-09-11,MCD,294.1522,P,264.74,0.49863,0.0,0.214578,4.8925,0.9,100,0.0372,0.03652477
2025-03-13,2025-06-12,META,589.2636,C,648.19,0.249315,0.0,0.21482,7.9169,1.1,100,0.0386,0.03787365
2025-03-13,2025-06-12,META,589.2636,P,648.19,0.249315,0.0,0.21482,60.7516,1.1,100,0.0386,0.03787365
2025-03-13,2025-09-11,META,589.2636,C,471.41,0.49863,0.0,0.220991,128.5023,0.8,100,0.0372,0.03652477
2025-03-13,2025-09-11,META,589.2636,C,530.34,0.49863,0.0,0.214578,78.2951,0.9,100,0.0372,0.03652477
2025-03-13,2025-09-11,META,589.2636,C,589.26,0.49863,0.0,0.209,39.9298,1.0,100,0.0372,0.03652477
2025-03-13,2025-09-11,META,589.2636,C,707.12,0.49863,0.0,0.199688,5.4377,1.2,100,0.0372,0.03652477
2025-03-13,2025-09-11,META,589.2636,P,471.41,0.49863,0.0,0.220991,2.1409,0.8,100,0.0372,0.03652477
2025-03-13,2025-09-11,META,589.2636,P,530.34,0.49863,0.0,0.214578,9.8002,0.9,100,0.0372,0.03652477
2025-03-13,2025-09-11,META,589.2636,P,589.26,0.49863,0.0,0.209,29.2915,1.0,100,0.0372,0.03652477
2025-03-13,2025-09-11,META,589.2636,P,707.12,0.49863,0.0,0.199688,110.5323,1.2,100,0.0372,0.03652477
2025-03-13,2025-06-12,MRK,92.0586,C,92.06,0.249315,0.0,0.22,4.46,1.0,100,0.0386,0.03787365
2025-03-13,2025-06-12,MRK,92.0586,C,110.47,0.249315,0.0,0.210197,0.2187,1.2,100,0.0386,0.03787365
2025-03-13,2025-06-12,MRK,92.0586,P,92.06,0.249315,0.0,0.22,3.5962,1.0,100,0.0386,0.03787365
2025-03-13,2025-06-12,MRK,92.0586,P,110.47,0.249315,0.0,0.210197,17.5918,1.2,100,0.0386,0.03787365
2025-03-13,2025-09-11,MRK,92.0586,C,73.65,0.49863,0.0,0.220991,20.0725,0.8,100,0.0372,0.03652477
2025-03-13,2025-09-11,MRK,92.0586,C,82.85,0.49863,0.0,0.214578,12.2342,0.9,100,0.0372,0.03652477
2025-03-13,2025-09-11,MRK,92.0586,C,101.26,0.49863,0.0,0.204079,2.5789,1.1,100,0.0372,0.03652477
2025-03-13,2025-09-11,MRK,92.0586,P,73.65,0.49863,0.0,0.220991,0.3347,0.8,100,0.0372,0.03652477
2025-03-13,2025-09-11,MRK,92.0586,P,82.85,0.49863,0.0,0.214578,1.5303,0.9,100,0.0372,0.03652477
2025-03-13,2025-09-11,MRK,92.0586,P,101.26,0.49863,0.0,0.204079,9.9528,1.1,100,0.0372,0.03652477
2025-03-13,2025-06-12,MSFT,377.4554,C,301.96,0.249315,0.005033,0.232622,78.198,0.8,100,0.0386,0.03787365
2025-03-13,2025-06-12,MSFT,377.4554,C,339.71,0.249315,0.005033,0.225872,43.765,0.9,100,0.0386,0.03787365
2025-03-13,2025-06-12,MSFT,377.4554,C,377.46,0.249315,0.005033,0.22,18.0254,1.0,100,0.0386,0.03787365
2025-03-13,2025-06-12,MSFT,377.4554,C,452.95,0.249315,0.005033,0.210197,0.8704,1.2,100,0.0386,0.03787365
2025-03-13,2025-06-12,MSFT,377.4554,P,301.96,0.249315,0.005033,0.232622,0.3381,0.8,100,0.0386,0.03787365
2025-03-13,2025-06-12,MSFT,377.4554,P,339.71,0.249315,0.005033,0.225872,3.3003,0.9,100,0.0386,0.03787365
2025-03-13,2025-06-12,MSFT,377.4554,P,377.46,0.249315,0.005033,0.22,14.9559,1.0,100,0.0386,0.03787365
2025-03-13,2025-06-12,MSFT,377.4554,P,452.95,0.249315,0.005033,0.210197,72.5815,1.2,100,0.0386,0.03787365
2025-03-13,2025-09-11,MSFT,377.4554,C,415.2,0.49863,0.005033,0.204079,10.268,1.1,100,0.0372,0.03652477
2025-03-13,2025-09-11,MSFT,377.4554,P,415.2,0.49863,0.005033,0.204079,41.4653,1.1,100,0.0372,0.03652477
2025-03-13,2025-06-12,NEE,71.5926,C,57.27,0.249315,0.0,0.232622,14.9231,0.8,100,0.0386,0.03787365
2025-03-13,2025-06-12,NEE,71.5926,C,71.59,0.249315,0.0,0.22,3.4704,1.0,100,0.0386,0.03787365
2025-03-13,2025-06-12,NEE,71.5926,C,78.75,0.249315,0.0,0.21482,0.9622,1.1,100,0.0386,0.03787365
2025-03-13,2025-06-12,NEE,71.5926,P,57.27,0.249315,0.0,0.232622,0.0623,0.8,100,0.0386,0.03787365
2025-03-13,2025-06-12,NEE,71.5926,P,71.59,0.249315,0.0,0.22,2.795,1.0,100,0.0386,0.03787365
2025-03-13,2025-06-12,NEE,71.5926,P,78.75,0.249315,0.0,0.21482,7.3795,1.1,100,0.0386,0.03787365
2025-03-13,2025-09-11,NEE,71.5926,C,64.43,0.49863,0.0,0.214578,9.5153,0.9,100,0.0372,0.03652477
2025-03-13,2025-09-11,NEE,71.5926,C,85.91,0.49863,0.0,0.199688,0.6608,1.2,100,0.0372,0.03652477
2025-03-13,2025-09-11,NEE,71.5926,P,64.43,0.49863,0.0,0.214578,1.1898,0.9,100,0.0372,0.03652477
2025-03-13,2025-09-11,NEE,71.5926,P,85.91,0.49863,0.0,0.199688,13.4278,1.2,100,0.0372,0.03652477
2025-03-13,2025-06-12,NFLX,890.17,C,712.14,0.249315,0.0,0.232622,185.4982,0.8,100,0.0386,0.03787365
2025-03-13,2025-06-12,NFLX,890.17,P,712.14,0.249315,0.0,0.232622,0.7755,0.8,100,0.0386,0.03787365
2025-03-13,2025-09-11,NFLX,890.17,C,801.15,0.49863,0.0,0.214578,118.2818,0.9,100,0.0372,0.03652477
2025-03-13,2025-09-11,NFLX,890.17,C,890.17,0.49863,0.0,0.209,60.317,1.0,100,0.0372,0.03652477
2025-03-13,2025-09-11,NFLX,890.17,C,979.19,0.49863,0.0,0.204079,24.925,1.1,100,0.0372,0.03652477
2025-03-13,2025-09-11,NFLX,890.17,C,1068.2,0.49863,0.0,0.199688,8.2155,1.2,100,0.0372,0.03652477
2025-03-13,2025-09-11,NFLX,890.17,P,801.15,0.49863,0.0,0.214578,14.803,0.9,100,0.0372,0.03652477
2025-03-13,2025-09-11,NFLX,890.17,P,890.17,0.49863,0.0,0.209,44.2517,1.0,100,0.0372,0.03652477
2025-03-13,2025-09-11,NFLX,890.17,P,979.19,0.49863,0.0,0.204079,96.273,1.1,100,0.0372,0.03652477
2025-03-13,2025-09-11,NFLX,890.17,P,1068.2,0.49863,0.0,0.199688,166.9672,1.2,100,0.0372,0.03652477
2025-03-13,2025-06-12,NKE,71.7874,C,57.43,0.249315,0.0,0.232622,14.9596,0.8,100,0.0386,0.03787365
2025-03-13,2025-06-12,NKE,71.7874,C,64.61,0.249315,0.0,0.225872,8.3997,0.9,100,0.0386,0.03787365
2025-03-13,2025-06-12,NKE,71.7874,C,78.97,0.249315,0.0,0.21482,0.9637,1.1,100,0.0386,0.03787365
2025-03-13,2025-06-12,NKE,71.7874,P,57.43,0.249315,0.0,0.232622,0.0625,0.8,100,0.0386,0.03787365
2025-03-13,2025-06-12,NKE,71.7874,P,64.61,0.249315,0.0,0.225872,0.6151,0.9,100,0.0386,0.03787365
2025-03-13,2025-06-12,NKE,71.7874,P,78.97,0.249315,0.0,0.21482,7.4042,1.1,100,0.0386,0.03787365
2025-03-13,2025-09-11,NKE,71.7874,C,71.79,0.49863,0.0,0.209,4.8629,1.0,100,0.0372,0.03652477
2025-03-13,2025-09-11,NKE,71.7874,C,86.14,0.49863,0.0,0.199688,0.663,1.2,100,0.0372,0.03652477
2025-03-13,2025-09-11,NKE,71.7874,P,71.79,0.49863,0.0,0.209,3.5699,1.0,100,0.0372,0.03652477
2025-03-13,2025-09-11,NKE,71.7874,P,86.14,0.49863,0.0,0.199688,13.461,1.2,100,0.0372,0.03652477
2025-03-13,2025-06-12,NUE,128.4359,C,115.59,0.249315,0.06921,0.225872,13.1848,0.9,100,0.0386,0.03787365
2025-03-13,2025-06-12,NUE,128.4359,C,128.44,0.249315,0.06921,0.22,5.0683,1.0,100,0.0386,0.03787365
2025-03-13,2025-06-12,NUE,128.4359,C,154.12,0.249315,0.06921,0.210197,0.2019,1.2,100,0.0386,0.03787365
2025-03-13,2025-06-12,NUE,128.4359,P,115.59,0.249315,0.06921,0.225872,1.4497,0.9,100,0.0386,0.03787365
2025-03-13,2025-06-12,NUE,128.4359,P,128.44,0.249315,0.06921,0.22,6.0624,1.0,100,0.0386,0.03787365
2025-03-13,2025-06-12,NUE,128.4359,P,154.12,0.249315,0.06921,0.210197,26.6347,1.2,100,0.0386,0.03787365
2025-03-13,2025-09-11,NUE,128.4359,C,102.75,0.49863,0.06921,0.220991,23.9349,0.8,100,0.0372,0.03652477
2025-03-13,2025-09-11,NUE,128.4359,C,141.28,0.49863,0.06921,0.204079,2.3731,1.1,100,0.0372,0.03652477
2025-03-13,2025-09-11,NUE,128.4359,P,102.75,0.49863,0.06921,0.220991,0.7513,0.8,100,0.0372,0.03652477
2025-03-13,2025-09-11,NUE,128.4359,P,141.28,0.49863,0.06921,0.204079,17.0241,1.1,100,0.0372,0.03652477
2025-03-13,2025-06-12,NVDA,115.5655,C,92.45,0.249315,0.02006,0.232622,23.5203,0.8,100,0.0386,0.03787365
2025-03-13,2025-06-12,NVDA,115.5655,C,104.01,0.249315,0.02006,0.225872,13.0308,0.9,100,0.0386,0.03787365
2025-03-13,2025-06-12,NVDA,115.5655,C,115.57,0.249315,0.02006,0.22,5.2822,1.0,100,0.0386,0.03787365
2025-03-13,2025-06-12,NVDA,115.5655,C,127.12,0.249315,0.02006,0.21482,1.4258,1.1,100,0.0386,0.03787365
2025-03-13,2025-06-12,NVDA,115.5655,P,92.45,0.249315,0.02006,0.232622,0.1126,0.8,100,0.0386,0.03787365
2025-03-13,2025-06-12,NVDA,115.5655,P,104.01,0.249315,0.02006,0.225872,1.0744,0.9,100,0.0386,0.03787365
2025-03-13,2025-06-12,NVDA,115.5655,P,115.57,0.249315,0.02006,0.22,4.7771,1.0,100,0.0386,0.03787365
2025-03-13,2025-06-12,NVDA,115.5655,P,127.12,0.249315,0.02006,0.21482,12.3622,1.1,100,0.0386,0.03787365
2025-03-13,2025-09-11,NVDA,115.5655,C,138.68,0.49863,0.02006,0.199688,0.9174,1.2,100,0.0372,0.03652477
2025-03-13,2025-09-11,NVDA,115.5655,P,138.68,0.49863,0.02006,0.199688,22.6793,1.2,100,0.0372,0.03652477
2025-03-13,2025-06-12,O,54.3099,C,43.45,0.249315,0.054369,0.232622,10.601,0.8,100,0.0386,0.03787365
2025-03-13,2025-06-12,O,54.3099,C,54.31,0.249315,0.054369,0.22,2.2428,1.0,100,0.0386,0.03787365
2025-03-13,2025-06-12,O,54.3099,C,59.74,0.249315,0.054369,0.21482,0.5769,1.1,100,0.0386,0.03787365
2025-03-13,2025-06-12,O,54.3099,P,43.45,0.249315,0.054369,0.232622,0.064,0.8,100,0.0386,0.03787365
2025-03-13,2025-06-12,O,54.3099,P,54.31,0.249315,0.054369,0.22,2.4638,1.0,100,0.0386,0.03787365
2025-03-13,2025-06-12,O,54.3099,P,59.74,0.249315,0.054369,0.21482,6.1768,1.1,100,0.0386,0.03787365
2025-03-13,2025-09-11,O,54.3099,C,48.88,0.49863,0.054369,0.214578,6.0702,0.9,100,0.0372,0.03652477
2025-03-13,2025-09-11,O,54.3099,C,65.17,0.49863,0.054369,0.199688,0.3306,1.2,100,0.0372,0.03652477
2025-03-13,2025-09-11,O,54.3099,P,48.88,0.49863,0.054369,0.214578,1.2107,0.9,100,0.0372,0.03652477
2025-03-13,2025-09-11,O,54.3099,P,65.17,0.49863,0.054369,0.199688,11.4671,1.2,100,0.0372,0.03652477
2025-03-13,2025-06-12,ORCL,146.8195,C,117.46,0.249315,0.014412,0.232622,30.0756,0.8,100,0.0386,0.03787365
2025-03-13,2025-06-12,ORCL,146.8195,C,146.82,0.249315,0.014412,0.22,6.8246,1.0,100,0.0386,0.03787365
2025-03-13,2025-06-12,ORCL,146.8195,P,117.46,0.249315,0.014412,0.232622,0.1388,0.8,100,0.0386,0.03787365
2025-03-13,2025-06-12,ORCL,146.8195,P,146.82,0.249315,0.014412,0.22,5.9718,1.0,100,0.0386,0.03787365
2025-03-13,2025-09-11,ORCL,146.8195,C,132.14,0.49863,0.014412,0.214578,18.6579,0.9,100,0.0372,0.03652477
2025-03-13,2025-09-11,ORCL,146.8195,C,161.5,0.49863,0.014412,0.204079,3.7826,1.1,100,0.0372,0.03652477
2025-03-13,2025-09-11,ORCL,146.8195,C,176.18,0.49863,0.014412,0.199688,1.2169,1.2,100,0.0372,0.03652477
2025-03-13,2025-09-11,ORCL,146.8195,P,132.14,0.49863,0.014412,0.214578,2.6449,0.9,100,0.0372,0.03652477
2025-03-13,2025-09-11,ORCL,146.8195,P,161.5,0.49863,0.014412,0.204079,16.5997,1.1,100,0.0372,0.03652477
2025-03-13,2025-09-11,ORCL,146.8195,P,176.18,0.49863,0.014412,0.199688,28.4491,1.2,100,0.0372,0.03652477
2025-03-13,2025-06-12,PEP,145.3085,C,116.25,0.249315,0.0,0.232622,30.2777,0.8,100,0.0386,0.03787365
2025-03-13,2025-06-12,PEP,145.3085,C,130.78,0.249315,0.0,0.225872,17.0025,0.9,100,0.0386,0.03787365
2025-03-13,2025-06-12,PEP,145.3085,C,174.37,0.249315,0.0,0.210197,0.3451,1.2,100,0.0386,0.03787365
2025-03-13,2025-06-12,PEP,145.3085,P,116.25,0.249315,0.0,0.232622,0.1267,0.8,100,0.0386,0.03787365
2025-03-13,2025-06-12,PEP,145.3085,P,130.78,0.249315,0.0,0.225872,1.2449,0.9,100,0.0386,0.03787365
2025-03-13,2025-06-12,PEP,145.3085,P,174.37,0.249315,0.0,0.210197,27.7678,1.2,100,0.0386,0.03787365
2025-03-13,2025-09-11,PEP,145.3085,C,145.31,0.49863,0.0,0.209,9.8452,1.0,100,0.0372,0.03652477
2025-03-13,2025-09-11,PEP,145.3085,C,159.84,0.49863,0.0,0.204079,4.0686,1.1,100,0.0372,0.03652477
2025-03-13,2025-09-11,PEP,145.3085,P,145.31,0.49863,0.0,0.209,7.2242,1.0,100,0.0372,0.03652477
2025-03-13,2025-09-11,PEP,145.3085,P,159.84,0.49863,0.0,0.204079,15.7154,1.1,100,0.0372,0.03652477
2025-03-13,2025-06-12,PFE,24.6947,C,22.23,0.249315,0.0,0.225872,2.8859,0.9,100,0.0386,0.03787365
2025-03-13,2025-06-12,PFE,24.6947,C,27.16,0.249315,0.0,0.21482,0.3326,1.1,100,0.0386,0.03787365
2025-03-13,2025-06-12,PFE,24.6947,C,29.63,0.249315,0.0,0.210197,0.0588,1.2,100,0.0386,0.03787365
2025-03-13,2025-06-12,PFE,24.6947,P,22.23,0.249315,0.0,0.225872,0.2123,0.9,100,0.0386,0.03787365
2025-03-13,2025-06-12,PFE,24.6947,P,27.16,0.249315,0.0,0.21482,2.5427,1.1,100,0.0386,0.03787365
2025-03-13,2025-06-12,PFE,24.6947,P,29.63,0.249315,0.0,0.210197,4.7157,1.2,100,0.0386,0.03787365
2025-03-13,2025-09-11,PFE,24.6947,C,19.76,0.49863,0.0,0.220991,5.3813,0.8,100,0.0372,0.03652477
2025-03-13,2025-09-11,PFE,24.6947,C,24.69,0.49863,0.0,0.209,1.6757,1.0,100,0.0372,0.03652477
2025-03-13,2025-09-11,PFE,24.6947,P,19.76,0.49863,0.0,0.220991,0.09,0.8,100,0.0372,0.03652477
2025-03-13,2025-09-11,PFE,24.6947,P,24.69,0.49863,0.0,0.209,1.2254,1.0,100,0.0372,0.03652477
2025-03-13,2025-06-12,PG,166.4076,C,133.13,0.249315,0.068611,0.232622,31.918,0.8,100,0.0386,0.03787365
2025-03-13,2025-06-12,PG,166.4076,C,166.41,0.249315,0.068611,0.22,6.58,1.0,100,0.0386,0.03787365
2025-03-13,2025-06-12,PG,166.4076,C,199.69,0.249315,0.068611,0.210197,0.2624,1.2,100,0.0386,0.03787365
2025-03-13,2025-06-12,PG,166.4076,P,133.13,0.249315,0.068611,0.232622,0.2116,0.8,100,0.0386,0.03787365
2025-03-13,2025-06-12,PG,166.4076,P,166.41,0.249315,0.068611,0.22,7.8408,1.0,100,0.0386,0.03787365
2025-03-13,2025-06-12,PG,166.4076,P,199.69,0.249315,0.068611,0.210197,34.4904,1.2,100,0.0386,0.03787365
2025-03-13,2025-09-11,PG,166.4076,C,149.77,0.49863,0.068611,0.214578,17.7348,0.9,100,0.0372,0.03652477
2025-03-13,2025-09-11,PG,166.4076,C,183.05,0.49863,0.068611,0.204079,3.0861,1.1,100,0.0372,0.03652477
2025-03-13,2025-09-11,PG,166.4076,P,149.77,0.49863,0.068611,0.214578,3.991,0.9,100,0.0372,0.03652477
2025-03-13,2025-09-11,PG,166.4076,P,183.05,0.49863,0.068611,0.204079,22.0217,1.1,100,0.0372,0.03652477
2025-03-13,2025-06-12,PLD,107.3941,C,85.92,0.249315,0.0,0.232622,22.3752,0.8,100,0.0386,0.03787365
2025-03-13,2025-06-12,PLD,107.3941,C,107.39,0.249315,0.0,0.22,5.2059,1.0,100,0.0386,0.03787365
2025-03-13,2025-06-12,PLD,107.3941,C,118.13,0.249315,0.0,0.21482,1.4435,1.1,100,0.0386,0.03787365
2025-03-13,2025-06-12,PLD,107.3941,C,128.87,0.249315,0.0,0.210197,0.2552,1.2,100,0.0386,0.03787365
2025-03-13,2025-06-12,PLD,107.3941,P,85.92,0.249315,0.0,0.232622,0.0937,0.8,100,0.0386,0.03787365
2025-03-13,2025-06-12,PLD,107.3941,P,107.39,0.249315,0.0,0.22,4.1926,1.0,100,0.0386,0.03787365
2025-03-13,2025-06-12,PLD,107.3941,P,118.13,0.249315,0.0,0.21482,11.0693,1.1,100,0.0386,0.03787365
2025-03-13,2025-06-12,PLD,107.3941,P,128.87,0.249315,0.0,0.210197,20.52,1.2,100,0.0386,0.03787365
2025-03-13,2025-09-11,PLD,107.3941,C,96.65,0.49863,0.0,0.214578,14.2733,0.9,100,0.0372,0.03652477
2025-03-13,2025-09-11,PLD,107.3941,P,96.65,0.49863,0.0,0.214578,1.7849,0.9,100,0.0372,0.03652477
2025-03-13,2025-06-12,SHW,340.6146,C,306.55,0.249315,0.0,0.225872,39.8623,0.9,100,0.0386,0.03787365
2025-03-13,2025-06-12,SHW,340.6146,C,340.61,0.249315,0.0,0.22,16.507,1.0,100,0.0386,0.03787365
2025-03-13,2025-06-12,SHW,340.6146,C,374.68,0.249315,0.0,0.21482,4.5755,1.1,100,0.0386,0.03787365
2025-03-13,2025-06-12,SHW,340.6146,C,408.74,0.249315,0.0,0.210197,0.8089,1.2,100,0.0386,0.03787365
2025-03-13,2025-06-12,SHW,340.6146,P,306.55,0.249315,0.0,0.225872,2.9168,0.9,100,0.0386,0.03787365
2025-03-13,2025-06-12,SHW,340.6146,P,340.61,0.249315,0.0,0.22,13.3013,1.0,100,0.0386,0.03787365
2025-03-13,2025-06-12,SHW,340.6146,P,374.68,0.249315,0.0,0.21482,35.1196,1.1,100,0.0386,0.03787365
2025-03-13,2025-06-12,SHW,340.6146,P,408.74,0.249315,0.0,0.210197,65.0929,1.2,100,0.0386,0.03787365
2025-03-13,2025-09-11,SHW,340.6146,C,272.49,0.49863,0.0,0.220991,74.2798,0.8,100,0.0372,0.03652477
2025-03-13,2025-09-11,SHW,340.6146,P,272.49,0.49863,0.0,0.220991,1.2374,0.8,100,0.0372,0.03652477
2025-03-13,2025-06-12,SLB,39.282,C,35.35,0.249315,0.007847,0.225872,4.5343,0.9,100,0.0386,0.03787365
2025-03-13,2025-06-12,SLB,39.282,C,39.28,0.249315,0.007847,0.22,1.862,1.0,100,0.0386,0.03787365
2025-03-13,2025-06-12,SLB,39.282,P,35.35,0.249315,0.007847,0.225872,0.3468,0.9,100,0.0386,0.03787365
2025-03-13,2025-06-12,SLB,39.282,P,39.28,0.249315,0.007847,0.22,1.5676,1.0,100,0.0386,0.03787365
2025-03-13,2025-09-11,SLB,39.282,C,31.43,0.49863,0.007847,0.220991,8.4171,0.8,100,0.0372,0.03652477
2025-03-13,2025-09-11,SLB,39.282,C,43.21,0.49863,0.007847,0.204079,1.0514,1.1,100,0.0372,0.03652477
2025-03-13,2025-09-11,SLB,39.282,C,47.14,0.49863,0.007847,0.199688,0.3418,1.2,100,0.0372,0.03652477
2025-03-13,2025-09-11,SLB,39.282,P,31.43,0.49863,0.007847,0.220991,0.1512,0.8,100,0.0372,0.03652477
2025-03-13,2025-09-11,SLB,39.282,P,43.21,0.49863,0.007847,0.204079,4.3529,1.1,100,0.0372,0.03652477
2025-03-13,2025-09-11,SLB,39.282,P,47.14,0.49863,0.007847,0.199688,7.5024,1.2,100,0.0372,0.03652477
2025-03-13,2025-06-12,SO,88.1831,C,70.55,0.249315,0.0,0.232622,18.3731,0.8,100,0.0386,0.03787365
2025-03-13,2025-06-12,SO,88.1831,C,79.36,0.249315,0.0,0.225872,10.3234,0.9,100,0.0386,0.03787365
2025-03-13,2025-06-12,SO,88.1831,C,97.0,0.249315,0.0,0.21482,1.185,1.1,100,0.0386,0.03787365
2025-03-13,2025-06-12,SO,88.1831,C,105.82,0.249315,0.0,0.210197,0.2094,1.2,100,0.0386,0.03787365
2025-03-13,2025-06-12,SO,88.1831,P,70.55,0.249315,0.0,0.232622,0.0769,0.8,100,0.0386,0.03787365
2025-03-13,2025-06-12,SO,88.1831,P,79.36,0.249315,0.0,0.225872,0.7545,0.9,100,0.0386,0.03787365
2025-03-13,2025-06-12,SO,88.1831,P,97.0,0.249315,0.0,0.21482,9.0903,1.1,100,0.0386,0.03787365
2025-03-13,2025-06-12,SO,88.1831,P,105.82,0.249315,0.0,0.210197,16.8518,1.2,100,0.0386,0.03787365
2025-03-13,2025-09-11,SO,88.1831,C,88.18,0.49863,0.0,0.209,5.9768,1.0,100,0.0372,0.03652477
2025-03-13,2025-09-11,SO,88.1831,P,88.18,0.49863,0.0,0.209,4.3822,1.0,100,0.0372,0.03652477
2025-03-13,2025-06-12,SPG,155.56,C,155.56,0.249315,0.0,0.22,7.5377,1.0,100,0.0386,0.03787365
2025-03-13,2025-06-12,SPG,155.56,P,155.56,0.249315,0.0,0.22,6.0758,1.0,100,0.0386,0.03787365
2025-03-13,2025-09-11,SPG,155.56,C,124.45,0.49863,0.0,0.220991,33.9213,0.8,100,0.0372,0.03652477
2025-03-13,2025-09-11,SPG,155.56,C,140.0,0.49863,0.0,0.214578,20.6727,0.9,100,0.0372,0.03652477
2025-03-13,2025-09-11,SPG,155.56,C,171.12,0.49863,0.0,0.204079,4.3548,1.1,100,0.0372,0.03652477
2025-03-13,2025-09-11,SPG,155.56,C,186.67,0.49863,0.0,0.199688,1.4358,1.2,100,0.0372,0.03652477
2025-03-13,2025-09-11,SPG,155.56,P,124.45,0.49863,0.0,0.220991,0.5653,0.8,100,0.0372,0.03652477
2025-03-13,2025-09-11,SPG,155.56,P,140.0,0.49863,0.0,0.214578,2.5861,0.9,100,0.0372,0.03652477
2025-03-13,2025-09-11,SPG,155.56,P,171.12,0.49863,0.0,0.204079,16.8265,1.1,100,0.0372,0.03652477
2025-03-13,2025-09-11,SPG,155.56,P,186.67,0.49863,0.0,0.199688,29.1769,1.2,100,0.0372,0.03652477
2025-03-13,2025-06-12,T,25.5606,C,20.45,0.249315,0.1,0.232622,4.7118,0.8,100,0.0386,0.03787365
2025-03-13,2025-06-12,T,25.5606,C,23.0,0.249315,0.1,0.225872,2.471,0.9,100,0.0386,0.03787365
2025-03-13,2025-06-12,T,25.5606,C,28.12,0.249315,0.1,0.21482,0.2204,1.1,100,0.0386,0.03787365
2025-03-13,2025-06-12,T,25.5606,C,30.67,0.249315,0.1,0.210197,0.0333,1.2,100,0.0386,0.03787365
2025-03-13,2025-06-12,T,25.5606,P,20.45,0.249315,0.1,0.232622,0.0384,0.8,100,0.0386,0.03787365
2025-03-13,2025-06-12,T,25.5606,P,23.0,0.249315,0.1,0.225872,0.3236,0.9,100,0.0386,0.03787365
2025-03-13,2025-06-12,T,25.5606,P,28.12,0.249315,0.1,0.21482,3.1449,1.1,100,0.0386,0.03787365
2025-03-13,2025-06-12,T,25.5606,P,30.67,0.249315,0.1,0.210197,5.4838,1.2,100,0.0386,0.03787365
2025-03-13,2025-09-11,T,25.5606,C,25.56,0.49863,0.1,0.209,1.0959,1.0,100,0.0372,0.03652477
2025-03-13,2025-09-11,T,25.5606,P,25.56,0.49863,0.1,0.209,1.8773,1.0,100,0.0372,0.03652477
2025-03-13,2025-06-12,TSLA,240.68,C,216.61,0.249315,0.005111,0.225872,27.904,0.9,100,0.0386,0.03787365
2025-03-13,2025-06-12,TSLA,240.68,C,264.75,0.249315,0.005111,0.21482,3.164,1.1,100,0.0386,0.03787365
2025-03-13,2025-06-12,TSLA,240.68,C,288.82,0.249315,0.005111,0.210197,0.5547,1.2,100,0.0386,0.03787365
2025-03-13,2025-06-12,TSLA,240.68,P,216.61,0.249315,0.005111,0.225872,2.1047,0.9,100,0.0386,0.03787365
2025-03-13,2025-06-12,TSLA,240.68,P,264.75,0.249315,0.005111,0.21482,25.0524,1.1,100,0.0386,0.03787365
2025-03-13,2025-06-12,TSLA,240.68,P,288.82,0.249315,0.005111,0.210197,46.2868,1.2,100,0.0386,0.03787365
2025-03-13,2025-09-11,TSLA,240.68,C,192.54,0.49863,0.005111,0.220991,51.9089,0.8,100,0.0372,0.03652477
2025-03-13,2025-09-11,TSLA,240.68,C,240.68,0.49863,0.005111,0.209,15.9562,1.0,100,0.0372,0.03652477
2025-03-13,2025-09-11,TSLA,240.68,P,192.54,0.49863,0.005111,0.220991,0.9066,0.8,100,0.0372,0.03652477
2025-03-13,2025-09-11,TSLA,240.68,P,240.68,0.49863,0.005111,0.209,12.225,1.0,100,0.0372,0.03652477
2025-03-13,2025-06-12,UNH,475.1283,C,380.1,0.249315,0.000399,0.232622,98.9679,0.8,100,0.0386,0.03787365
2025-03-13,2025-06-12,UNH,475.1283,C,570.15,0.249315,0.000399,0.210197,1.126,1.2,100,0.0386,0.03787365
2025-03-13,2025-06-12,UNH,475.1283,P,380.1,0.249315,0.000399,0.232622,0.4147,0.8,100,0.0386,0.03787365
2025-03-13,2025-06-12,UNH,475.1283,P,570.15,0.249315,0.000399,0.210197,90.8367,1.2,100,0.0386,0.03787365
2025-03-13,2025-09-11,UNH,475.1283,C,427.62,0.49863,0.000399,0.214578,63.0513,0.9,100,0.0372,0.03652477
2025-03-13,2025-09-11,UNH,475.1283,C,475.13,0.49863,0.000399,0.209,32.1387,1.0,100,0.0372,0.03652477
2025-03-13,2025-09-11,UNH,475.1283,C,522.64,0.49863,0.000399,0.204079,13.274,1.1,100,0.0372,0.03652477
2025-03-13,2025-09-11,UNH,475.1283,P,427.62,0.49863,0.000399,0.214578,7.9201,0.9,100,0.0372,0.03652477
2025-03-13,2025-09-11,UNH,475.1283,P,475.13,0.49863,0.000399,0.209,23.6601,1.0,100,0.0372,0.03652477
2025-03-13,2025-09-11,UNH,475.1283,P,522.64,0.49863,0.000399,0.204079,51.448,1.1,100,0.0372,0.03652477
2025-03-13,2025-06-12,UPS,111.2636,C,89.01,0.249315,0.005652,0.232622,23.0335,0.8,100,0.0386,0.03787365
2025-03-13,2025-06-12,UPS,111.2636,C,122.39,0.249315,0.005652,0.21482,1.4595,1.1,100,0.0386,0.03787365
2025-03-13,2025-06-12,UPS,111.2636,C,133.52,0.249315,0.005652,0.210197,0.2555,1.2,100,0.0386,0.03787365
2025-03-13,2025-06-12,UPS,111.2636,P,89.01,0.249315,0.005652,0.232622,0.1,0.8,100,0.0386,0.03787365
2025-03-13,2025-06-12,UPS,111.2636,P,122.39,0.249315,0.005652,0.21482,11.5924,1.1,100,0.0386,0.03787365
2025-03-13,2025-06-12,UPS,111.2636,P,133.52,0.249315,0.005652,0.210197,21.4138,1.2,100,0.0386,0.03787365
2025-03-13,2025-09-11,UPS,111.2636,C,100.14,0.49863,0.005652,0.214578,14.5279,0.9,100,0.0372,0.03652477
2025-03-13,2025-09-11,UPS,111.2636,C,111.26,0.49863,0.005652,0.209,7.3611,1.0,100,0.0372,0.03652477
2025-03-13,2025-09-11,UPS,111.2636,P,100.14,0.49863,0.005652,0.214578,1.9101,0.9,100,0.0372,0.03652477
2025-03-13,2025-09-11,UPS,111.2636,P,111.26,0.49863,0.005652,0.209,5.6626,1.0,100,0.0372,0.03652477
2025-03-13,2025-06-12,WFC,67.6888,C,54.15,0.249315,0.0,0.232622,14.1066,0.8,100,0.0386,0.03787365
2025-03-13,2025-06-12,WFC,67.6888,C,67.69,0.249315,0.0,0.22,3.2793,1.0,100,0.0386,0.03787365
2025-03-13,2025-06-12,WFC,67.6888,C,81.23,0.249315,0.0,0.210197,0.1606,1.2,100,0.0386,0.03787365
2025-03-13,2025-06-12,WFC,67.6888,P,54.15,0.249315,0.0,0.232622,0.0589,0.8,100,0.0386,0.03787365
2025-03-13,2025-06-12,WFC,67.6888,P,67.69,0.249315,0.0,0.22,2.6443,1.0,100,0.0386,0.03787365
2025-03-13,2025-06-12,WFC,67.6888,P,81.23,0.249315,0.0,0.210197,12.9384,1.2,100,0.0386,0.03787365
2025-03-13,2025-09-11,WFC,67.6888,C,60.92,0.49863,0.0,0.214578,8.994,0.9,100,0.0372,0.03652477
2025-03-13,2025-09-11,WFC,67.6888,C,74.46,0.49863,0.0,0.204079,1.8947,1.1,100,0.0372,0.03652477
2025-03-13,2025-09-11,WFC,67.6888,P,60.92,0.49863,0.0,0.214578,1.1257,0.9,100,0.0372,0.03652477
2025-03-13,2025-09-11,WFC,67.6888,P,74.46,0.49863,0.0,0.204079,7.3221,1.1,100,0.0372,0.03652477
2025-03-13,2025-06-12,WMT,83.8695,C,92.26,0.249315,0.0,0.21482,1.1261,1.1,100,0.0386,0.03787365
2025-03-13,2025-06-12,WMT,83.8695,C,100.64,0.249315,0.0,0.210197,0.1993,1.2,100,0.0386,0.03787365
2025-03-13,2025-06-12,WMT,83.8695,P,92.26,0.249315,0.0,0.21482,8.6496,1.1,100,0.0386,0.03787365
2025-03-13,2025-06-12,WMT,83.8695,P,100.64,0.249315,0.0,0.210197,16.0241,1.2,100,0.0386,0.03787365
2025-03-13,2025-09-11,WMT,83.8695,C,67.1,0.49863,0.0,0.220991,18.2855,0.8,100,0.0372,0.03652477
2025-03-13,2025-09-11,WMT,83.8695,C,75.48,0.49863,0.0,0.214578,11.1459,0.9,100,0.0372,0.03652477
2025-03-13,2025-09-11,WMT,83.8695,C,83.87,0.49863,0.0,0.209,5.6826,1.0,100,0.0372,0.03652477
2025-03-13,2025-09-11,WMT,83.8695,P,67.1,0.49863,0.0,0.220991,0.305,0.8,100,0.0372,0.03652477
2025-03-13,2025-09-11,WMT,83.8695,P,75.48,0.49863,0.0,0.214578,1.3942,0.9,100,0.0372,0.03652477
2025-03-13,2025-09-11,WMT,83.8695,P,83.87,0.49863,0.0,0.209,4.1695,1.0,100,0.0372,0.03652477
2025-03-13,2025-06-12,XOM,106.6855,C,85.35,0.249315,0.019882,0.232622,21.714,0.8,100,0.0386,0.03787365
2025-03-13,2025-06-12,XOM,106.6855,C,117.35,0.249315,0.019882,0.21482,1.3177,1.1,100,0.0386,0.03787365
2025-03-13,2025-06-12,XOM,106.6855,C,128.02,0.249315,0.019882,0.210197,0.2256,1.2,100,0.0386,0.03787365
2025-03-13,2025-06-12,XOM,106.6855,P,85.35,0.249315,0.019882,0.232622,0.1039,0.8,100,0.0386,0.03787365
2025-03-13,2025-06-12,XOM,106.6855,P,117.35,0.249315,0.019882,0.21482,11.4068,1.1,100,0.0386,0.03787365
2025-03-13,2025-06-12,XOM,106.6855,P,128.02,0.249315,0.019882,0.210197,20.8845,1.2,100,0.0386,0.03787365
2025-03-13,2025-09-11,XOM,106.6855,C,96.02,0.49863,0.019882,0.214578,13.3265,0.9,100,0.0372,0.03652477
2025-03-13,2025-09-11,XOM,106.6855,C,106.69,0.49863,0.019882,0.209,6.6321,1.0,100,0.0372,0.03652477
2025-03-13,2025-09-11,XOM,106.6855,P,96.02,0.49863,0.019882,0.214578,1.9805,0.9,100,0.0372,0.03652477
2025-03-13,2025-09-11,XOM,106.6855,P,106.69,0.49863,0.019882,0.209,5.7636,1.0,100,0.0372,0.03652477
